,x,y,w,h,class,conf,time,frame,ledge,filename
0,412.95086669921875,349.8284912109375,498.29254150390625,423.5450439453125,0.0,0.2662879526615143,1656795607.439993,186,TRI6,Auklab1_TRI6_2022-07-02_21.00.00.mp4
1,412.45745849609375,347.2199401855469,492.1549377441406,422.4247741699219,0.0,0.25470009446144104,1656795607.4799929,187,TRI6,Auklab1_TRI6_2022-07-02_21.00.00.mp4
2,415.5382995605469,342.6832275390625,482.9374694824219,390.8046569824219,0.0,0.2662825584411621,1656795607.6399927,191,TRI6,Auklab1_TRI6_2022-07-02_21.00.00.mp4
3,404.03778076171875,396.7405700683594,440.60015869140625,484.10906982421875,0.0,0.4059050381183624,1656795650.9599514,1274,TRI6,Auklab1_TRI6_2022-07-02_21.00.00.mp4
4,403.4917297363281,397.0057373046875,438.8197937011719,484.3747253417969,0.0,0.29103726148605347,1656795650.9999514,1275,TRI6,Auklab1_TRI6_2022-07-02_21.00.00.mp4
5,1137.5850830078125,354.5191955566406,1211.7161865234375,399.1644592285156,0.0,0.34885966777801514,1656796495.0391464,22376,TRI6,Auklab1_TRI6_2022-07-02_21.00.00.mp4
6,1135.6962890625,350.28802490234375,1215.187744140625,398.4930114746094,0.0,0.2813417911529541,1656796495.0791464,22377,TRI6,Auklab1_TRI6_2022-07-02_21.00.00.mp4
7,1134.1029052734375,345.6999816894531,1214.031005859375,399.25372314453125,0.0,0.34876561164855957,1656796495.1191463,22378,TRI6,Auklab1_TRI6_2022-07-02_21.00.00.mp4
8,1133.2027587890625,343.8631896972656,1211.8388671875,400.4583740234375,0.0,0.282053679227829,1656796495.1591463,22379,TRI6,Auklab1_TRI6_2022-07-02_21.00.00.mp4
9,1128.60888671875,341.1748352050781,1210.8050537109375,400.5715637207031,0.0,0.3005397319793701,1656796495.1991463,22380,TRI6,Auklab1_TRI6_2022-07-02_21.00.00.mp4
10,1127.3201904296875,338.5926513671875,1210.785888671875,400.20361328125,0.0,0.4130627512931824,1656796495.2391462,22381,TRI6,Auklab1_TRI6_2022-07-02_21.00.00.mp4
11,0.16480521857738495,361.7091369628906,62.00322341918945,413.7632141113281,0.0,0.2884606420993805,1656796643.6390047,26091,TRI6,Auklab1_TRI6_2022-07-02_21.00.00.mp4
12,1026.536376953125,205.3934326171875,1096.633544921875,294.5276184082031,0.0,0.4078131914138794,1656796711.47894,27787,TRI6,Auklab1_TRI6_2022-07-02_21.00.00.mp4
13,987.0413208007812,217.5116424560547,1061.9036865234375,260.7888488769531,0.0,0.4261915385723114,1656796711.59894,27790,TRI6,Auklab1_TRI6_2022-07-02_21.00.00.mp4
14,981.3372802734375,219.7147216796875,1069.7677001953125,265.7181396484375,0.0,0.3936522305011749,1656796711.6389399,27791,TRI6,Auklab1_TRI6_2022-07-02_21.00.00.mp4
15,892.4950561523438,312.7607727050781,1012.9743041992188,362.3635559082031,0.0,0.26295384764671326,1656796712.1589394,27804,TRI6,Auklab1_TRI6_2022-07-02_21.00.00.mp4
16,1028.464599609375,176.72401428222656,1152.53857421875,304.44122314453125,0.0,0.4149755537509918,1656796720.6389313,28016,TRI6,Auklab1_TRI6_2022-07-02_21.00.00.mp4
17,1120.77197265625,351.9997253417969,1239.64208984375,429.7086181640625,0.0,0.39305028319358826,1656796722.2789297,28057,TRI6,Auklab1_TRI6_2022-07-02_21.00.00.mp4
18,1136.3189697265625,368.1726989746094,1252.83203125,430.8797302246094,0.0,0.47916826605796814,1656796722.3189297,28058,TRI6,Auklab1_TRI6_2022-07-02_21.00.00.mp4
19,1157.1708984375,372.5002136230469,1259.575439453125,417.6662292480469,0.0,0.3114336431026459,1656796722.3589296,28059,TRI6,Auklab1_TRI6_2022-07-02_21.00.00.mp4
20,1192.7586669921875,836.2705688476562,1381.3074951171875,889.6324462890625,0.0,0.2529785931110382,1656796726.8789253,28172,TRI6,Auklab1_TRI6_2022-07-02_21.00.00.mp4
21,1353.5364990234375,779.3560791015625,1465.8221435546875,868.5137329101562,0.0,0.4452377259731293,1656796750.238903,28756,TRI6,Auklab1_TRI6_2022-07-02_21.00.00.mp4
22,1360.41748046875,783.2864379882812,1482.4869384765625,855.38818359375,0.0,0.27173125743865967,1656796750.278903,28757,TRI6,Auklab1_TRI6_2022-07-02_21.00.00.mp4
23,1233.5682373046875,638.1123046875,1334.129150390625,764.9786987304688,0.0,0.36415761709213257,1656796755.1188984,28878,TRI6,Auklab1_TRI6_2022-07-02_21.00.00.mp4
24,1280.9512939453125,580.9610595703125,1417.49755859375,663.4010620117188,0.0,0.44183221459388733,1656796756.598897,28915,TRI6,Auklab1_TRI6_2022-07-02_21.00.00.mp4
25,1265.43896484375,529.8194580078125,1430.8397216796875,654.6762084960938,0.0,0.5085830092430115,1656796756.9188967,28923,TRI6,Auklab1_TRI6_2022-07-02_21.00.00.mp4
26,1270.38232421875,538.8734130859375,1430.9500732421875,652.5853271484375,0.0,0.7039772272109985,1656796756.9588966,28924,TRI6,Auklab1_TRI6_2022-07-02_21.00.00.mp4
27,1269.9708251953125,539.0444946289062,1438.85400390625,647.6010131835938,0.0,0.7287399172782898,1656796756.9988966,28925,TRI6,Auklab1_TRI6_2022-07-02_21.00.00.mp4
28,1106.217529296875,706.4542846679688,1281.6378173828125,817.6146850585938,0.0,0.3638729751110077,1656796810.9188452,30273,TRI6,Auklab1_TRI6_2022-07-02_21.00.00.mp4
29,1089.3017578125,709.0438232421875,1266.2459716796875,812.1234130859375,0.0,0.5831402540206909,1656796810.9588451,30274,TRI6,Auklab1_TRI6_2022-07-02_21.00.00.mp4
30,1209.468505859375,813.6494140625,1342.029541015625,862.4046630859375,0.0,0.5661214590072632,1656796814.5588417,30364,TRI6,Auklab1_TRI6_2022-07-02_21.00.00.mp4
31,1145.50830078125,716.1148681640625,1275.0587158203125,826.9862670898438,0.0,0.3073960542678833,1656796815.7188406,30393,TRI6,Auklab1_TRI6_2022-07-02_21.00.00.mp4
32,1110.900390625,714.1812133789062,1267.7469482421875,814.9470825195312,0.0,0.6127917766571045,1656796815.7588406,30394,TRI6,Auklab1_TRI6_2022-07-02_21.00.00.mp4
33,1165.6434326171875,789.0603637695312,1292.5496826171875,858.9861450195312,0.0,0.4562515914440155,1656796820.1588364,30504,TRI6,Auklab1_TRI6_2022-07-02_21.00.00.mp4
34,1307.3458251953125,796.6929321289062,1417.9453125,866.4407348632812,0.0,0.4521883726119995,1656796854.4388037,31361,TRI6,Auklab1_TRI6_2022-07-02_21.00.00.mp4
35,1774.7041015625,429.0289306640625,1819.567138671875,542.38671875,0.0,0.32529371976852417,1656796862.7987957,31570,TRI6,Auklab1_TRI6_2022-07-02_21.00.00.mp4
36,1629.4510498046875,708.2018432617188,1723.090087890625,848.0400390625,0.0,0.4700881242752075,1656796913.758747,32844,TRI6,Auklab1_TRI6_2022-07-02_21.00.00.mp4
37,1623.448974609375,706.3667602539062,1724.8133544921875,852.5780639648438,0.0,0.64564049243927,1656796913.798747,32845,TRI6,Auklab1_TRI6_2022-07-02_21.00.00.mp4
38,1621.709228515625,713.08740234375,1725.1046142578125,857.0433349609375,0.0,0.48973795771598816,1656796913.838747,32846,TRI6,Auklab1_TRI6_2022-07-02_21.00.00.mp4
39,1594.4462890625,751.5258178710938,1688.0550537109375,889.3233642578125,0.0,0.46435466408729553,1656796914.0387468,32851,TRI6,Auklab1_TRI6_2022-07-02_21.00.00.mp4
40,1360.9886474609375,585.2921142578125,1504.7286376953125,790.6381225585938,0.0,0.2878365218639374,1656796924.0787373,33102,TRI6,Auklab1_TRI6_2022-07-02_21.00.00.mp4
41,1368.7022705078125,592.0859375,1502.96533203125,782.8598022460938,0.0,0.6136866211891174,1656796924.1187372,33103,TRI6,Auklab1_TRI6_2022-07-02_21.00.00.mp4
42,1370.44775390625,592.119873046875,1502.8677978515625,780.74658203125,0.0,0.7435657978057861,1656796924.1587372,33104,TRI6,Auklab1_TRI6_2022-07-02_21.00.00.mp4
43,1373.8428955078125,588.3659057617188,1502.8209228515625,777.3263549804688,0.0,0.824205756187439,1656796924.1987371,33105,TRI6,Auklab1_TRI6_2022-07-02_21.00.00.mp4
44,1373.258056640625,584.1280517578125,1501.178466796875,773.77880859375,0.0,0.8170545101165771,1656796924.238737,33106,TRI6,Auklab1_TRI6_2022-07-02_21.00.00.mp4
45,1365.9339599609375,575.8134155273438,1492.992919921875,773.713134765625,0.0,0.7430150508880615,1656796924.278737,33107,TRI6,Auklab1_TRI6_2022-07-02_21.00.00.mp4
46,1525.4837646484375,481.63629150390625,1648.721923828125,649.2980346679688,0.0,0.267490953207016,1656796926.8787346,33172,TRI6,Auklab1_TRI6_2022-07-02_21.00.00.mp4
47,1568.1568603515625,523.256591796875,1653.937255859375,641.566162109375,0.0,0.5508356094360352,1656796926.9987345,33175,TRI6,Auklab1_TRI6_2022-07-02_21.00.00.mp4
48,1595.8245849609375,559.162109375,1667.0634765625,684.1409301757812,0.0,0.29518580436706543,1656796927.0387344,33176,TRI6,Auklab1_TRI6_2022-07-02_21.00.00.mp4
49,1688.094482421875,453.3915710449219,1762.423583984375,609.837890625,0.0,0.5161375999450684,1656796927.398734,33185,TRI6,Auklab1_TRI6_2022-07-02_21.00.00.mp4
50,1738.435791015625,399.4903259277344,1823.9482421875,522.7017211914062,0.0,0.3945094645023346,1656796929.3187323,33233,TRI6,Auklab1_TRI6_2022-07-02_21.00.00.mp4
51,1740.915283203125,405.4922180175781,1828.63037109375,520.8871459960938,0.0,0.5904790759086609,1656796929.3587322,33234,TRI6,Auklab1_TRI6_2022-07-02_21.00.00.mp4
52,1747.08642578125,412.92327880859375,1829.9189453125,522.2500610351562,0.0,0.37245112657546997,1656796929.3987322,33235,TRI6,Auklab1_TRI6_2022-07-02_21.00.00.mp4
53,1730.4036865234375,500.4814453125,1819.3211669921875,657.967041015625,0.0,0.6401373147964478,1656796930.3187313,33258,TRI6,Auklab1_TRI6_2022-07-02_21.00.00.mp4
54,1816.76318359375,375.00848388671875,1865.4356689453125,484.4194641113281,0.0,0.43423107266426086,1656796931.67873,33292,TRI6,Auklab1_TRI6_2022-07-02_21.00.00.mp4
55,1768.29833984375,343.15667724609375,1888.9232177734375,443.8221435546875,0.0,0.7028969526290894,1656796932.678729,33317,TRI6,Auklab1_TRI6_2022-07-02_21.00.00.mp4
56,1752.9150390625,331.9726867675781,1889.2318115234375,443.4879455566406,0.0,0.7988550066947937,1656796932.718729,33318,TRI6,Auklab1_TRI6_2022-07-02_21.00.00.mp4
57,1754.487548828125,324.89141845703125,1887.2799072265625,440.3442687988281,0.0,0.6601756811141968,1656796932.758729,33319,TRI6,Auklab1_TRI6_2022-07-02_21.00.00.mp4
58,1897.443603515625,312.1421813964844,2027.0350341796875,408.9398498535156,0.0,0.25417205691337585,1656796939.4787226,33487,TRI6,Auklab1_TRI6_2022-07-02_21.00.00.mp4
59,1895.9505615234375,307.2846984863281,2031.8148193359375,413.39630126953125,0.0,0.6669154763221741,1656796939.5187225,33488,TRI6,Auklab1_TRI6_2022-07-02_21.00.00.mp4
60,1895.2042236328125,300.6333312988281,2037.557373046875,419.6760559082031,0.0,0.5505765676498413,1656796939.5587225,33489,TRI6,Auklab1_TRI6_2022-07-02_21.00.00.mp4
61,2130.139892578125,345.8672180175781,2223.0234375,558.3099365234375,0.0,0.5422938466072083,1656796955.1187077,33878,TRI6,Auklab1_TRI6_2022-07-02_21.00.00.mp4
62,2164.081787109375,409.8379821777344,2210.056884765625,493.2748107910156,0.0,0.29560109972953796,1656796965.9986973,34150,TRI6,Auklab1_TRI6_2022-07-02_21.00.00.mp4
63,2142.10302734375,190.576904296875,2238.1201171875,284.15673828125,0.0,0.48702847957611084,1656796998.1186666,34953,TRI6,Auklab1_TRI6_2022-07-02_21.00.00.mp4
64,1799.3011474609375,386.9726867675781,1873.6131591796875,449.56097412109375,0.0,0.3669523298740387,1656797007.4386578,35186,TRI6,Auklab1_TRI6_2022-07-02_21.00.00.mp4
65,1869.6800537109375,480.693115234375,1934.3192138671875,607.7394409179688,0.0,0.4251532256603241,1656797017.558648,35439,TRI6,Auklab1_TRI6_2022-07-02_21.00.00.mp4
66,2045.5440673828125,491.5806579589844,2180.339599609375,569.1229248046875,0.0,0.5037988424301147,1656797020.2386456,35506,TRI6,Auklab1_TRI6_2022-07-02_21.00.00.mp4
67,2040.6907958984375,488.6493225097656,2174.512451171875,557.3641967773438,0.0,0.33055001497268677,1656797020.2786455,35507,TRI6,Auklab1_TRI6_2022-07-02_21.00.00.mp4
68,936.2307739257812,222.23524475097656,1002.4154052734375,271.7548828125,0.0,0.504135251045227,1656797129.7185411,38243,TRI6,Auklab1_TRI6_2022-07-02_21.00.00.mp4
69,970.0114135742188,207.47792053222656,1044.618408203125,273.1374206542969,0.0,0.37226682901382446,1656797130.3185406,38258,TRI6,Auklab1_TRI6_2022-07-02_21.00.00.mp4
70,969.9622192382812,204.97225952148438,1043.2821044921875,272.0381774902344,0.0,0.4038742184638977,1656797130.3585405,38259,TRI6,Auklab1_TRI6_2022-07-02_21.00.00.mp4
71,969.564697265625,205.29327392578125,1042.818603515625,271.3193664550781,0.0,0.46053165197372437,1656797130.3985405,38260,TRI6,Auklab1_TRI6_2022-07-02_21.00.00.mp4
72,969.9168701171875,205.97274780273438,1042.2398681640625,272.7760314941406,0.0,0.4694717824459076,1656797130.4385405,38261,TRI6,Auklab1_TRI6_2022-07-02_21.00.00.mp4
73,970.4217529296875,205.59559631347656,1042.0908203125,271.9549255371094,0.0,0.46809515357017517,1656797130.4785404,38262,TRI6,Auklab1_TRI6_2022-07-02_21.00.00.mp4
74,967.7890014648438,204.49220275878906,1040.3380126953125,269.9958801269531,0.0,0.36468732357025146,1656797130.5185404,38263,TRI6,Auklab1_TRI6_2022-07-02_21.00.00.mp4
75,1903.9927978515625,16.127899169921875,2047.7222900390625,91.64822387695312,0.0,0.6828907132148743,1656797299.1583796,42479,TRI6,Auklab1_TRI6_2022-07-02_21.00.00.mp4
76,639.9117431640625,222.096923828125,743.7806396484375,278.09808349609375,0.0,0.26876381039619446,1656797411.7182722,45293,TRI6,Auklab1_TRI6_2022-07-02_21.00.00.mp4
77,1629.4691162109375,582.260986328125,1751.2901611328125,671.9047241210938,0.0,0.6070263981819153,1656797417.6782665,45442,TRI6,Auklab1_TRI6_2022-07-02_21.00.00.mp4
78,1594.735595703125,573.1177368164062,1740.650634765625,619.9658813476562,0.0,0.4916538596153259,1656797419.318265,45483,TRI6,Auklab1_TRI6_2022-07-02_21.00.00.mp4
79,1588.1517333984375,576.6346435546875,1725.7696533203125,627.6699829101562,0.0,0.32807230949401855,1656797419.358265,45484,TRI6,Auklab1_TRI6_2022-07-02_21.00.00.mp4
80,1558.144287109375,577.732666015625,1718.5872802734375,630.662109375,0.0,0.5948010087013245,1656797419.398265,45485,TRI6,Auklab1_TRI6_2022-07-02_21.00.00.mp4
81,1511.6678466796875,583.7219848632812,1714.487548828125,643.8511962890625,0.0,0.3085187077522278,1656797419.4382648,45486,TRI6,Auklab1_TRI6_2022-07-02_21.00.00.mp4
82,1510.3758544921875,548.68603515625,1641.2562255859375,659.9417724609375,0.0,0.40244781970977783,1656797420.318264,45508,TRI6,Auklab1_TRI6_2022-07-02_21.00.00.mp4
83,1519.20947265625,537.2040405273438,1640.08984375,664.6766967773438,0.0,0.3888032138347626,1656797420.358264,45509,TRI6,Auklab1_TRI6_2022-07-02_21.00.00.mp4
84,1525.1549072265625,537.9918823242188,1647.5343017578125,674.9307250976562,0.0,0.7442136406898499,1656797420.398264,45510,TRI6,Auklab1_TRI6_2022-07-02_21.00.00.mp4
85,1516.9979248046875,538.418701171875,1640.302490234375,658.4990234375,0.0,0.7445330619812012,1656797420.438264,45511,TRI6,Auklab1_TRI6_2022-07-02_21.00.00.mp4
86,1533.544189453125,532.7962646484375,1663.4407958984375,609.8939208984375,0.0,0.7187191247940063,1656797420.4782639,45512,TRI6,Auklab1_TRI6_2022-07-02_21.00.00.mp4
87,1543.0072021484375,471.02008056640625,1665.6864013671875,532.4003295898438,0.0,0.3633846938610077,1656797420.7982635,45520,TRI6,Auklab1_TRI6_2022-07-02_21.00.00.mp4
88,1524.6197509765625,450.2100524902344,1667.2681884765625,554.6454467773438,0.0,0.5755595564842224,1656797420.8382635,45521,TRI6,Auklab1_TRI6_2022-07-02_21.00.00.mp4
89,1360.7724609375,382.0135192871094,1508.013916015625,435.0845642089844,0.0,0.42996594309806824,1656797422.358262,45559,TRI6,Auklab1_TRI6_2022-07-02_21.00.00.mp4
90,1311.0797119140625,391.62066650390625,1502.1785888671875,446.4475402832031,0.0,0.6599209904670715,1656797422.398262,45560,TRI6,Auklab1_TRI6_2022-07-02_21.00.00.mp4
91,1446.183349609375,353.9779357910156,1600.0474853515625,474.9421081542969,0.0,0.3607594966888428,1656797425.2782593,45632,TRI6,Auklab1_TRI6_2022-07-02_21.00.00.mp4
92,1351.577392578125,273.2828063964844,1536.850830078125,412.7073974609375,0.0,0.2555435597896576,1656797428.0782566,45702,TRI6,Auklab1_TRI6_2022-07-02_21.00.00.mp4
93,878.5123291015625,495.6099548339844,952.3328857421875,634.9039306640625,0.0,0.35625237226486206,1656797432.6782522,45817,TRI6,Auklab1_TRI6_2022-07-02_21.00.00.mp4
94,237.67051696777344,334.81475830078125,312.13775634765625,503.35736083984375,0.0,0.36791449785232544,1656797450.758235,46269,TRI6,Auklab1_TRI6_2022-07-02_21.00.00.mp4
95,1396.0885009765625,564.9130249023438,1650.6492919921875,712.86181640625,0.0,0.4488862156867981,1656797742.277957,53557,TRI6,Auklab1_TRI6_2022-07-02_21.00.00.mp4
96,1425.91015625,637.7535400390625,1644.58740234375,881.2083740234375,0.0,0.40253496170043945,1656797742.3979568,53560,TRI6,Auklab1_TRI6_2022-07-02_21.00.00.mp4
97,1098.341552734375,416.0985412597656,1235.9967041015625,465.0528564453125,0.0,0.4111153483390808,1656798185.0375347,64626,TRI6,Auklab1_TRI6_2022-07-02_21.00.00.mp4
98,1100.6253662109375,414.41943359375,1241.62744140625,464.18304443359375,0.0,0.4601736068725586,1656798185.0775347,64627,TRI6,Auklab1_TRI6_2022-07-02_21.00.00.mp4
99,1102.048828125,413.15826416015625,1244.7452392578125,463.28955078125,0.0,0.3048173189163208,1656798185.1175346,64628,TRI6,Auklab1_TRI6_2022-07-02_21.00.00.mp4
100,1108.229248046875,411.5890808105469,1252.469970703125,464.48175048828125,0.0,0.3536831736564636,1656798185.3175344,64633,TRI6,Auklab1_TRI6_2022-07-02_21.00.00.mp4
101,1108.399658203125,411.0587463378906,1252.9671630859375,464.0685729980469,0.0,0.3085039258003235,1656798185.3575344,64634,TRI6,Auklab1_TRI6_2022-07-02_21.00.00.mp4
102,1108.208984375,410.1116027832031,1255.5433349609375,463.2301330566406,0.0,0.4640026390552521,1656798185.3975344,64635,TRI6,Auklab1_TRI6_2022-07-02_21.00.00.mp4
103,1108.3570556640625,410.08953857421875,1255.28515625,463.21075439453125,0.0,0.36352548003196716,1656798185.4375343,64636,TRI6,Auklab1_TRI6_2022-07-02_21.00.00.mp4
104,1108.3458251953125,410.2113952636719,1253.7999267578125,463.0940856933594,0.0,0.317827045917511,1656798185.4775343,64637,TRI6,Auklab1_TRI6_2022-07-02_21.00.00.mp4
105,1108.66015625,409.9938659667969,1253.4766845703125,463.1663513183594,0.0,0.39105650782585144,1656798185.5175343,64638,TRI6,Auklab1_TRI6_2022-07-02_21.00.00.mp4
106,1108.241455078125,409.5149841308594,1254.1551513671875,463.2758483886719,0.0,0.46503713726997375,1656798185.5575342,64639,TRI6,Auklab1_TRI6_2022-07-02_21.00.00.mp4
107,1109.2283935546875,409.10748291015625,1254.0404052734375,462.2503967285156,0.0,0.5866905450820923,1656798185.5975342,64640,TRI6,Auklab1_TRI6_2022-07-02_21.00.00.mp4
108,1109.5782470703125,409.098388671875,1254.012939453125,462.1191711425781,0.0,0.5379043221473694,1656798185.6375341,64641,TRI6,Auklab1_TRI6_2022-07-02_21.00.00.mp4
109,1632.0086669921875,815.66796875,1741.8173828125,911.7015380859375,0.0,0.7525375485420227,1656798203.1975174,65080,TRI6,Auklab1_TRI6_2022-07-02_21.00.00.mp4
110,1620.7735595703125,805.607177734375,1739.88671875,912.4689331054688,0.0,0.7550301551818848,1656798203.2375174,65081,TRI6,Auklab1_TRI6_2022-07-02_21.00.00.mp4
111,1633.71337890625,826.4930419921875,1735.455810546875,921.1480712890625,0.0,0.7145534157752991,1656798203.557517,65089,TRI6,Auklab1_TRI6_2022-07-02_21.00.00.mp4
112,1630.7705078125,826.1161499023438,1727.9989013671875,913.4666748046875,0.0,0.7136796712875366,1656798203.597517,65090,TRI6,Auklab1_TRI6_2022-07-02_21.00.00.mp4
113,1997.9298095703125,605.2422485351562,2053.23095703125,735.1917724609375,0.0,0.29292362928390503,1656798220.9575005,65524,TRI6,Auklab1_TRI6_2022-07-02_21.00.00.mp4
114,2017.59228515625,591.9730224609375,2056.971435546875,687.7911376953125,0.0,0.6398608684539795,1656798222.6374989,65566,TRI6,Auklab1_TRI6_2022-07-02_21.00.00.mp4
115,1896.635009765625,671.4909057617188,2037.7066650390625,767.0511474609375,0.0,0.7279495596885681,1656798224.9574966,65624,TRI6,Auklab1_TRI6_2022-07-02_21.00.00.mp4
116,1901.00732421875,672.163330078125,2039.11669921875,768.086669921875,0.0,0.7392804026603699,1656798224.9974966,65625,TRI6,Auklab1_TRI6_2022-07-02_21.00.00.mp4
117,1900.87158203125,671.5531005859375,2039.6888427734375,767.9498901367188,0.0,0.7614967226982117,1656798225.0374966,65626,TRI6,Auklab1_TRI6_2022-07-02_21.00.00.mp4
118,1900.0623779296875,671.4813842773438,2037.208740234375,763.9827880859375,0.0,0.7218395471572876,1656798225.0774965,65627,TRI6,Auklab1_TRI6_2022-07-02_21.00.00.mp4
119,1899.18212890625,671.143798828125,2034.958251953125,761.7500610351562,0.0,0.5936524868011475,1656798225.1174965,65628,TRI6,Auklab1_TRI6_2022-07-02_21.00.00.mp4
120,1272.8416748046875,224.41859436035156,1356.319580078125,290.2756042480469,0.0,0.32873016595840454,1656798248.5174742,66213,TRI6,Auklab1_TRI6_2022-07-02_21.00.00.mp4
121,1271.9659423828125,224.40615844726562,1356.132080078125,282.0298767089844,0.0,0.5022755861282349,1656798248.5574741,66214,TRI6,Auklab1_TRI6_2022-07-02_21.00.00.mp4
122,1273.9544677734375,221.92547607421875,1355.7197265625,283.86669921875,0.0,0.48601222038269043,1656798248.597474,66215,TRI6,Auklab1_TRI6_2022-07-02_21.00.00.mp4
123,1291.70361328125,302.80950927734375,1399.7237548828125,344.69378662109375,0.0,0.36041513085365295,1656798248.797474,66220,TRI6,Auklab1_TRI6_2022-07-02_21.00.00.mp4
124,1296.1558837890625,303.26580810546875,1399.98095703125,345.8262634277344,0.0,0.34382814168930054,1656798248.8374739,66221,TRI6,Auklab1_TRI6_2022-07-02_21.00.00.mp4
125,1297.3536376953125,302.3365478515625,1399.972412109375,345.6468200683594,0.0,0.3784148693084717,1656798248.8774738,66222,TRI6,Auklab1_TRI6_2022-07-02_21.00.00.mp4
126,1426.4552001953125,707.8345947265625,1519.0003662109375,836.5773315429688,0.0,0.3421030640602112,1656798319.077407,67977,TRI6,Auklab1_TRI6_2022-07-02_21.00.00.mp4
127,1490.1380615234375,741.95703125,1642.0819091796875,795.0911865234375,0.0,0.44500336050987244,1656798375.9973526,69400,TRI6,Auklab1_TRI6_2022-07-02_21.00.00.mp4
128,1512.437744140625,768.3375244140625,1646.7139892578125,828.9461669921875,0.0,0.25734490156173706,1656798376.0773525,69402,TRI6,Auklab1_TRI6_2022-07-02_21.00.00.mp4
129,1497.3836669921875,762.5665893554688,1631.4947509765625,815.463134765625,0.0,0.3524571657180786,1656798376.2373524,69406,TRI6,Auklab1_TRI6_2022-07-02_21.00.00.mp4
130,1508.9464111328125,747.4830932617188,1599.67919921875,847.9147338867188,0.0,0.6151041984558105,1656798418.8773117,70472,TRI6,Auklab1_TRI6_2022-07-02_21.00.00.mp4
131,1510.167724609375,743.1664428710938,1602.534912109375,843.5460205078125,0.0,0.28477558493614197,1656798418.9173117,70473,TRI6,Auklab1_TRI6_2022-07-02_21.00.00.mp4
132,1501.917236328125,724.139404296875,1604.671142578125,826.6851806640625,0.0,0.7130030393600464,1656798418.9573116,70474,TRI6,Auklab1_TRI6_2022-07-02_21.00.00.mp4
133,1506.040771484375,726.9349975585938,1632.0614013671875,818.9356689453125,0.0,0.6949743628501892,1656798418.9973116,70475,TRI6,Auklab1_TRI6_2022-07-02_21.00.00.mp4
134,1522.602294921875,763.72265625,1662.25341796875,850.8836669921875,0.0,0.6603958606719971,1656798419.0373116,70476,TRI6,Auklab1_TRI6_2022-07-02_21.00.00.mp4
135,1513.0107421875,764.675048828125,1677.08447265625,835.3307495117188,0.0,0.6289716958999634,1656798419.0773115,70477,TRI6,Auklab1_TRI6_2022-07-02_21.00.00.mp4
136,1487.064697265625,871.9772338867188,1620.8428955078125,925.2719116210938,0.0,0.5762781500816345,1656798419.4373112,70486,TRI6,Auklab1_TRI6_2022-07-02_21.00.00.mp4
137,1477.2708740234375,775.7061767578125,1539.7841796875,852.4976806640625,0.0,0.3367900252342224,1656798420.7973099,70520,TRI6,Auklab1_TRI6_2022-07-02_21.00.00.mp4
138,1516.06884765625,737.11962890625,1627.949462890625,838.4088745117188,0.0,0.5739315152168274,1656798421.1173096,70528,TRI6,Auklab1_TRI6_2022-07-02_21.00.00.mp4
139,1538.406494140625,728.5751953125,1680.1617431640625,786.7599487304688,0.0,0.43871957063674927,1656798424.4373064,70611,TRI6,Auklab1_TRI6_2022-07-02_21.00.00.mp4
140,1527.195556640625,733.0294189453125,1679.0294189453125,789.8764038085938,0.0,0.6694275140762329,1656798424.4773064,70612,TRI6,Auklab1_TRI6_2022-07-02_21.00.00.mp4
141,1526.68701171875,729.8434448242188,1681.6878662109375,779.3260498046875,0.0,0.5926282405853271,1656798424.5173063,70613,TRI6,Auklab1_TRI6_2022-07-02_21.00.00.mp4
142,1533.89697265625,725.4312133789062,1673.1593017578125,771.9739379882812,0.0,0.2730441689491272,1656798424.5573063,70614,TRI6,Auklab1_TRI6_2022-07-02_21.00.00.mp4
143,1434.7115478515625,764.7901000976562,1540.954833984375,804.8093872070312,0.0,0.5799201726913452,1656798424.797306,70620,TRI6,Auklab1_TRI6_2022-07-02_21.00.00.mp4
144,1433.5816650390625,767.251708984375,1544.103759765625,806.8740234375,0.0,0.6572641134262085,1656798424.837306,70621,TRI6,Auklab1_TRI6_2022-07-02_21.00.00.mp4
145,1669.460205078125,426.2402648925781,1757.3348388671875,547.6989135742188,0.0,0.4446336627006531,1656798427.7573032,70694,TRI6,Auklab1_TRI6_2022-07-02_21.00.00.mp4
146,1526.6072998046875,641.1832885742188,1580.8416748046875,787.4976196289062,0.0,0.3456514775753021,1656798429.4773016,70737,TRI6,Auklab1_TRI6_2022-07-02_21.00.00.mp4
147,1523.4456787109375,731.5165405273438,1574.18603515625,833.17041015625,0.0,0.35611027479171753,1656798431.5172997,70788,TRI6,Auklab1_TRI6_2022-07-02_21.00.00.mp4
148,1166.4962158203125,454.9112548828125,1310.4189453125,509.219970703125,0.0,0.283993124961853,1656798442.2372894,71056,TRI6,Auklab1_TRI6_2022-07-02_21.00.00.mp4
149,1167.40771484375,451.67034912109375,1316.6842041015625,508.774169921875,0.0,0.38881322741508484,1656798442.3172894,71058,TRI6,Auklab1_TRI6_2022-07-02_21.00.00.mp4
150,1168.2950439453125,449.86920166015625,1317.4014892578125,508.29742431640625,0.0,0.2789405286312103,1656798442.3572893,71059,TRI6,Auklab1_TRI6_2022-07-02_21.00.00.mp4
151,1167.454345703125,449.7101135253906,1318.139404296875,508.2782287597656,0.0,0.3906136155128479,1656798442.3972893,71060,TRI6,Auklab1_TRI6_2022-07-02_21.00.00.mp4
152,1168.21435546875,449.96478271484375,1318.0345458984375,508.3756103515625,0.0,0.338099867105484,1656798442.4372892,71061,TRI6,Auklab1_TRI6_2022-07-02_21.00.00.mp4
153,1572.904052734375,474.4925537109375,1631.49658203125,629.1791381835938,0.0,0.28182417154312134,1656798443.5572882,71089,TRI6,Auklab1_TRI6_2022-07-02_21.00.00.mp4
154,1636.240234375,497.43701171875,1688.8631591796875,561.553955078125,0.0,0.5337355732917786,1656798444.5172873,71113,TRI6,Auklab1_TRI6_2022-07-02_21.00.00.mp4
155,1637.27880859375,484.3583984375,1710.636962890625,554.8797607421875,0.0,0.4470464289188385,1656798444.5572872,71114,TRI6,Auklab1_TRI6_2022-07-02_21.00.00.mp4
156,2054.41796875,91.98104858398438,2185.84326171875,198.1427001953125,0.0,0.36015209555625916,1656798447.997284,71200,TRI6,Auklab1_TRI6_2022-07-02_21.00.00.mp4
157,1702.27587890625,225.08848571777344,1776.2484130859375,288.2000732421875,0.0,0.5260273218154907,1656798449.2372828,71231,TRI6,Auklab1_TRI6_2022-07-02_21.00.00.mp4
158,1656.0753173828125,569.2823486328125,1699.55810546875,702.500732421875,0.0,0.28672972321510315,1656798463.8372688,71596,TRI6,Auklab1_TRI6_2022-07-02_21.00.00.mp4
159,1545.909912109375,728.0142211914062,1662.0823974609375,770.8160400390625,0.0,0.3041222095489502,1656798516.2372189,72906,TRI6,Auklab1_TRI6_2022-07-02_21.00.00.mp4
160,1595.1041259765625,738.6392211914062,1712.367919921875,788.8627319335938,0.0,0.4941293001174927,1656798516.7572184,72919,TRI6,Auklab1_TRI6_2022-07-02_21.00.00.mp4
161,1586.3031005859375,739.889892578125,1714.08837890625,799.8495483398438,0.0,0.3803977072238922,1656798516.7972183,72920,TRI6,Auklab1_TRI6_2022-07-02_21.00.00.mp4
162,1491.0111083984375,680.3919067382812,1540.5477294921875,832.2171630859375,0.0,0.275939404964447,1656798531.4772043,73287,TRI6,Auklab1_TRI6_2022-07-02_21.00.00.mp4
163,2154.912353515625,363.57379150390625,2235.272705078125,572.3991088867188,0.0,0.31083109974861145,1656798554.1971827,73855,TRI6,Auklab1_TRI6_2022-07-02_21.00.00.mp4
164,2149.552734375,362.84259033203125,2229.228759765625,564.1656494140625,0.0,0.3183199167251587,1656798554.3171825,73858,TRI6,Auklab1_TRI6_2022-07-02_21.00.00.mp4
165,2150.362548828125,362.1315002441406,2230.4423828125,564.758056640625,0.0,0.2557017505168915,1656798554.3571825,73859,TRI6,Auklab1_TRI6_2022-07-02_21.00.00.mp4
166,1723.908447265625,699.759033203125,1820.1639404296875,760.071044921875,0.0,0.25908419489860535,1656798564.9171724,74123,TRI6,Auklab1_TRI6_2022-07-02_21.00.00.mp4
167,1728.98779296875,696.3444213867188,1839.9046630859375,778.80419921875,0.0,0.5871554017066956,1656798565.1571722,74129,TRI6,Auklab1_TRI6_2022-07-02_21.00.00.mp4
168,1793.6080322265625,586.8170166015625,1891.733154296875,697.6514892578125,0.0,0.6313790678977966,1656798611.597128,75290,TRI6,Auklab1_TRI6_2022-07-02_21.00.00.mp4
169,1803.26123046875,616.5531005859375,1910.0819091796875,702.093017578125,0.0,0.36055225133895874,1656798611.8771276,75297,TRI6,Auklab1_TRI6_2022-07-02_21.00.00.mp4
170,1803.343994140625,602.8385620117188,1890.9862060546875,686.6812744140625,0.0,0.26249417662620544,1656798612.0771275,75302,TRI6,Auklab1_TRI6_2022-07-02_21.00.00.mp4
171,1829.953369140625,511.2061462402344,1942.35107421875,566.4427490234375,0.0,0.3992685079574585,1656798613.4371262,75336,TRI6,Auklab1_TRI6_2022-07-02_21.00.00.mp4
172,1833.5284423828125,506.0413818359375,1939.0657958984375,550.666015625,0.0,0.3015763759613037,1656798613.4771261,75337,TRI6,Auklab1_TRI6_2022-07-02_21.00.00.mp4
173,1818.5892333984375,508.7953796386719,1943.7596435546875,564.8172607421875,0.0,0.7333435416221619,1656798613.517126,75338,TRI6,Auklab1_TRI6_2022-07-02_21.00.00.mp4
174,1871.599853515625,492.4346618652344,1955.091552734375,579.0558471679688,0.0,0.6091907620429993,1656798623.6371164,75591,TRI6,Auklab1_TRI6_2022-07-02_21.00.00.mp4
175,1871.1290283203125,493.830322265625,1955.844482421875,581.2255249023438,0.0,0.8004016876220703,1656798623.6771164,75592,TRI6,Auklab1_TRI6_2022-07-02_21.00.00.mp4
176,1866.8043212890625,495.2919616699219,1954.532958984375,583.3804321289062,0.0,0.7801151871681213,1656798623.7171164,75593,TRI6,Auklab1_TRI6_2022-07-02_21.00.00.mp4
177,1864.22314453125,498.767822265625,1955.075927734375,577.73095703125,0.0,0.3273361325263977,1656798623.7571163,75594,TRI6,Auklab1_TRI6_2022-07-02_21.00.00.mp4
178,1957.49755859375,583.3177490234375,2100.141845703125,661.6812133789062,0.0,0.3354685306549072,1656798635.0771055,75877,TRI6,Auklab1_TRI6_2022-07-02_21.00.00.mp4
179,1986.522705078125,562.2315673828125,2125.390869140625,672.0090942382812,0.0,0.6553715467453003,1656798635.1571054,75879,TRI6,Auklab1_TRI6_2022-07-02_21.00.00.mp4
180,1983.516357421875,555.2586059570312,2133.80908203125,670.9491577148438,0.0,0.37652161717414856,1656798635.1971054,75880,TRI6,Auklab1_TRI6_2022-07-02_21.00.00.mp4
181,2001.9932861328125,548.0031127929688,2171.03466796875,682.7625732421875,0.0,0.40776798129081726,1656798635.2771053,75882,TRI6,Auklab1_TRI6_2022-07-02_21.00.00.mp4
182,1942.89404296875,393.2485656738281,2043.581787109375,486.6744384765625,0.0,0.3796008229255676,1656798641.3970995,76035,TRI6,Auklab1_TRI6_2022-07-02_21.00.00.mp4
183,1928.4912109375,396.8215637207031,2052.282470703125,494.7374267578125,0.0,0.45287925004959106,1656798641.4370995,76036,TRI6,Auklab1_TRI6_2022-07-02_21.00.00.mp4
184,1982.199462890625,436.07183837890625,2053.496337890625,533.6388549804688,0.0,0.3626156449317932,1656798641.5970993,76040,TRI6,Auklab1_TRI6_2022-07-02_21.00.00.mp4
185,1948.590576171875,564.8020629882812,2010.69384765625,629.5973510742188,0.0,0.5493965148925781,1656798641.797099,76045,TRI6,Auklab1_TRI6_2022-07-02_21.00.00.mp4
186,1950.8465576171875,587.9080200195312,2007.4576416015625,663.4949951171875,0.0,0.5412083864212036,1656798641.837099,76046,TRI6,Auklab1_TRI6_2022-07-02_21.00.00.mp4
187,1948.7891845703125,459.1236877441406,2049.892822265625,504.3210754394531,0.0,0.2507166862487793,1656798658.5570831,76464,TRI6,Auklab1_TRI6_2022-07-02_21.00.00.mp4
188,1948.4744873046875,458.42156982421875,2043.028564453125,502.7865905761719,0.0,0.2680380940437317,1656798658.637083,76466,TRI6,Auklab1_TRI6_2022-07-02_21.00.00.mp4
189,1948.1597900390625,458.06439208984375,2033.3614501953125,501.3495788574219,0.0,0.29598695039749146,1656798658.677083,76467,TRI6,Auklab1_TRI6_2022-07-02_21.00.00.mp4
190,1948.0147705078125,457.0717468261719,2028.1815185546875,499.4579162597656,0.0,0.3682017922401428,1656798658.717083,76468,TRI6,Auklab1_TRI6_2022-07-02_21.00.00.mp4
191,1948.393798828125,456.8131103515625,2028.1396484375,499.06353759765625,0.0,0.44769471883773804,1656798658.757083,76469,TRI6,Auklab1_TRI6_2022-07-02_21.00.00.mp4
192,1948.3839111328125,456.27520751953125,2029.0108642578125,499.4958190917969,0.0,0.4594219923019409,1656798658.797083,76470,TRI6,Auklab1_TRI6_2022-07-02_21.00.00.mp4
193,1947.843017578125,456.3497009277344,2031.605712890625,500.55841064453125,0.0,0.47299468517303467,1656798658.8370829,76471,TRI6,Auklab1_TRI6_2022-07-02_21.00.00.mp4
194,1948.247314453125,456.64117431640625,2047.2320556640625,507.03875732421875,0.0,0.27227896451950073,1656798658.8770828,76472,TRI6,Auklab1_TRI6_2022-07-02_21.00.00.mp4
195,1942.9747314453125,450.4786376953125,2033.0133056640625,486.31854248046875,0.0,0.540960967540741,1656798660.717081,76518,TRI6,Auklab1_TRI6_2022-07-02_21.00.00.mp4
196,1944.2139892578125,451.5181579589844,2031.606689453125,486.4106750488281,0.0,0.4252874255180359,1656798660.757081,76519,TRI6,Auklab1_TRI6_2022-07-02_21.00.00.mp4
197,1953.95361328125,443.8603820800781,2048.344970703125,489.5780334472656,0.0,0.48322999477386475,1656798664.917077,76623,TRI6,Auklab1_TRI6_2022-07-02_21.00.00.mp4
198,1952.5113525390625,443.7821350097656,2050.901123046875,490.9626770019531,0.0,0.6043840050697327,1656798664.957077,76624,TRI6,Auklab1_TRI6_2022-07-02_21.00.00.mp4
199,1951.883544921875,444.1778869628906,2051.074951171875,491.25421142578125,0.0,0.6425598859786987,1656798664.997077,76625,TRI6,Auklab1_TRI6_2022-07-02_21.00.00.mp4
200,2237.44384765625,436.9091796875,2307.149169921875,515.1848754882812,0.0,0.3450060486793518,1656798671.5970707,76790,TRI6,Auklab1_TRI6_2022-07-02_21.00.00.mp4
201,2161.463134765625,438.2156677246094,2223.416748046875,604.0484008789062,0.0,0.37957343459129333,1656798682.9570599,77074,TRI6,Auklab1_TRI6_2022-07-02_21.00.00.mp4
202,2041.0684814453125,639.0203247070312,2127.330810546875,717.523681640625,0.0,0.25564512610435486,1656798715.1570292,77879,TRI6,Auklab1_TRI6_2022-07-02_21.00.00.mp4
203,1387.4918212890625,832.3317260742188,1521.3194580078125,880.4281005859375,0.0,0.34340739250183105,1656798731.077014,78277,TRI6,Auklab1_TRI6_2022-07-02_21.00.00.mp4
204,1521.51513671875,579.9830322265625,1607.0064697265625,724.7804565429688,0.0,0.2982853353023529,1656798798.7969494,79970,TRI6,Auklab1_TRI6_2022-07-02_21.00.00.mp4
205,1527.7939453125,588.4130249023438,1607.188232421875,729.8098754882812,0.0,0.520038902759552,1656798798.8769493,79972,TRI6,Auklab1_TRI6_2022-07-02_21.00.00.mp4
206,1526.11279296875,574.0004272460938,1608.353271484375,727.8488159179688,0.0,0.7597782015800476,1656798798.9169493,79973,TRI6,Auklab1_TRI6_2022-07-02_21.00.00.mp4
207,1532.0079345703125,584.2400512695312,1608.0133056640625,726.7640991210938,0.0,0.7283682823181152,1656798798.9569492,79974,TRI6,Auklab1_TRI6_2022-07-02_21.00.00.mp4
208,1537.544921875,591.8296508789062,1605.332275390625,745.8392333984375,0.0,0.49042752385139465,1656798798.9969492,79975,TRI6,Auklab1_TRI6_2022-07-02_21.00.00.mp4
209,1536.9324951171875,599.2894897460938,1600.8814697265625,750.49658203125,0.0,0.6208915114402771,1656798799.0369492,79976,TRI6,Auklab1_TRI6_2022-07-02_21.00.00.mp4
210,1540.43798828125,606.7304077148438,1597.1492919921875,756.7606811523438,0.0,0.7288187146186829,1656798799.0769491,79977,TRI6,Auklab1_TRI6_2022-07-02_21.00.00.mp4
211,1538.669921875,613.7491455078125,1595.9727783203125,762.548828125,0.0,0.6199261546134949,1656798799.116949,79978,TRI6,Auklab1_TRI6_2022-07-02_21.00.00.mp4
212,1532.041748046875,615.725830078125,1590.3494873046875,772.9439697265625,0.0,0.5046314001083374,1656798799.156949,79979,TRI6,Auklab1_TRI6_2022-07-02_21.00.00.mp4
213,1514.3470458984375,617.7551879882812,1580.0484619140625,794.5763549804688,0.0,0.6055467128753662,1656798799.196949,79980,TRI6,Auklab1_TRI6_2022-07-02_21.00.00.mp4
214,1520.83203125,631.781982421875,1576.2882080078125,784.2694091796875,0.0,0.3325260281562805,1656798799.236949,79981,TRI6,Auklab1_TRI6_2022-07-02_21.00.00.mp4
215,1506.9757080078125,647.9407958984375,1561.2703857421875,802.462890625,0.0,0.6289363503456116,1656798799.316949,79983,TRI6,Auklab1_TRI6_2022-07-02_21.00.00.mp4
216,1433.38818359375,668.6763305664062,1509.2281494140625,852.485107421875,0.0,0.6430754065513611,1656798799.6369486,79991,TRI6,Auklab1_TRI6_2022-07-02_21.00.00.mp4
217,1425.188232421875,676.4686889648438,1486.9718017578125,845.0546875,0.0,0.30614373087882996,1656798799.7969484,79995,TRI6,Auklab1_TRI6_2022-07-02_21.00.00.mp4
218,1579.3359375,697.9651489257812,1678.8424072265625,741.6165771484375,0.0,0.5324221253395081,1656798804.516944,80113,TRI6,Auklab1_TRI6_2022-07-02_21.00.00.mp4
219,1579.22119140625,695.0973510742188,1682.136962890625,741.8704223632812,0.0,0.3340977132320404,1656798804.556944,80114,TRI6,Auklab1_TRI6_2022-07-02_21.00.00.mp4
220,1595.962890625,688.9088134765625,1695.06591796875,739.3123168945312,0.0,0.2519072890281677,1656798804.8769436,80122,TRI6,Auklab1_TRI6_2022-07-02_21.00.00.mp4
221,1592.478271484375,686.8753051757812,1692.905029296875,737.0303344726562,0.0,0.2751563787460327,1656798804.9969435,80125,TRI6,Auklab1_TRI6_2022-07-02_21.00.00.mp4
222,1594.6251220703125,427.5333251953125,1690.0126953125,527.7876586914062,0.0,0.6134032011032104,1656798814.7569342,80369,TRI6,Auklab1_TRI6_2022-07-02_21.00.00.mp4
223,1601.1864013671875,447.3976135253906,1743.43701171875,499.3558044433594,0.0,0.3503904640674591,1656798818.8369303,80471,TRI6,Auklab1_TRI6_2022-07-02_21.00.00.mp4
224,1695.2052001953125,559.4534912109375,1771.0194091796875,703.3753051757812,0.0,0.6303518414497375,1656798873.0768785,81827,TRI6,Auklab1_TRI6_2022-07-02_21.00.00.mp4
225,1683.5159912109375,577.6821899414062,1781.416015625,719.939453125,0.0,0.5649685859680176,1656798874.3168774,81858,TRI6,Auklab1_TRI6_2022-07-02_21.00.00.mp4
226,1685.755859375,584.4778442382812,1780.26708984375,739.0772094726562,0.0,0.6147564649581909,1656798874.3568773,81859,TRI6,Auklab1_TRI6_2022-07-02_21.00.00.mp4
227,1717.4676513671875,602.296142578125,1784.30322265625,677.9234619140625,0.0,0.5456432700157166,1656798875.1168766,81878,TRI6,Auklab1_TRI6_2022-07-02_21.00.00.mp4
228,1696.8245849609375,601.369873046875,1759.2423095703125,701.4834594726562,0.0,0.33169713616371155,1656798875.1968765,81880,TRI6,Auklab1_TRI6_2022-07-02_21.00.00.mp4
229,1683.020263671875,596.12841796875,1757.9102783203125,741.3333740234375,0.0,0.7297385931015015,1656798875.3168764,81883,TRI6,Auklab1_TRI6_2022-07-02_21.00.00.mp4
230,1679.0101318359375,598.1784057617188,1753.8243408203125,738.324951171875,0.0,0.589881181716919,1656798875.3568764,81884,TRI6,Auklab1_TRI6_2022-07-02_21.00.00.mp4
231,1647.0352783203125,582.6190185546875,1696.833740234375,710.7811889648438,0.0,0.6442558765411377,1656798875.4368763,81886,TRI6,Auklab1_TRI6_2022-07-02_21.00.00.mp4
232,1641.4049072265625,573.6944580078125,1689.8902587890625,704.9088134765625,0.0,0.6085519194602966,1656798875.4768763,81887,TRI6,Auklab1_TRI6_2022-07-02_21.00.00.mp4
233,1690.083740234375,585.9140014648438,1754.2037353515625,684.723388671875,0.0,0.29147565364837646,1656798876.1568756,81904,TRI6,Auklab1_TRI6_2022-07-02_21.00.00.mp4
234,1691.43603515625,583.7408447265625,1760.0341796875,703.2553100585938,0.0,0.46918025612831116,1656798876.2768755,81907,TRI6,Auklab1_TRI6_2022-07-02_21.00.00.mp4
235,1687.6697998046875,597.0819091796875,1756.660888671875,711.0562133789062,0.0,0.6955540180206299,1656798876.3168755,81908,TRI6,Auklab1_TRI6_2022-07-02_21.00.00.mp4
236,1735.1900634765625,429.9068603515625,1821.0745849609375,524.22509765625,0.0,0.6569686532020569,1656798889.5568628,82239,TRI6,Auklab1_TRI6_2022-07-02_21.00.00.mp4
237,1740.319091796875,429.94989013671875,1837.755126953125,511.3992004394531,0.0,0.32850831747055054,1656798889.5968628,82240,TRI6,Auklab1_TRI6_2022-07-02_21.00.00.mp4
238,1749.6689453125,426.2838439941406,1851.46337890625,519.5166015625,0.0,0.6047051548957825,1656798889.6368628,82241,TRI6,Auklab1_TRI6_2022-07-02_21.00.00.mp4
239,1780.5748291015625,436.271728515625,1886.5439453125,524.50244140625,0.0,0.4634363651275635,1656798890.7568617,82269,TRI6,Auklab1_TRI6_2022-07-02_21.00.00.mp4
240,1775.020751953125,468.56964111328125,1836.89404296875,560.8564453125,0.0,0.3653033971786499,1656798890.9968615,82275,TRI6,Auklab1_TRI6_2022-07-02_21.00.00.mp4
241,1773.604248046875,467.55987548828125,1834.7840576171875,558.64208984375,0.0,0.5009763240814209,1656798891.0368614,82276,TRI6,Auklab1_TRI6_2022-07-02_21.00.00.mp4
242,1772.776123046875,465.3799743652344,1835.9176025390625,556.2439575195312,0.0,0.5615662336349487,1656798891.0768614,82277,TRI6,Auklab1_TRI6_2022-07-02_21.00.00.mp4
243,2221.427734375,304.60528564453125,2303.937744140625,368.0130310058594,0.0,0.26241737604141235,1656798968.4367876,84211,TRI6,Auklab1_TRI6_2022-07-02_21.00.00.mp4
244,1607.744873046875,534.93798828125,1664.4923095703125,660.892578125,0.0,0.5282378196716309,1656798999.356758,84984,TRI6,Auklab1_TRI6_2022-07-02_21.00.00.mp4
245,1727.5565185546875,469.62451171875,1778.46533203125,619.0485229492188,0.0,0.6332812309265137,1656798999.9567575,84999,TRI6,Auklab1_TRI6_2022-07-02_21.00.00.mp4
246,1743.1357421875,534.9058227539062,1811.2392578125,667.9951171875,0.0,0.30714714527130127,1656799000.1167574,85003,TRI6,Auklab1_TRI6_2022-07-02_21.00.00.mp4
247,1595.235595703125,504.1237487792969,1677.356201171875,628.3074340820312,0.0,0.3879208564758301,1656799001.0367565,85026,TRI6,Auklab1_TRI6_2022-07-02_21.00.00.mp4
248,1696.5474853515625,530.5325317382812,1740.0140380859375,605.3611450195312,0.0,0.411697655916214,1656799001.9967556,85050,TRI6,Auklab1_TRI6_2022-07-02_21.00.00.mp4
249,1632.31005859375,518.2622680664062,1783.309326171875,572.758544921875,0.0,0.45783907175064087,1656799002.7967548,85070,TRI6,Auklab1_TRI6_2022-07-02_21.00.00.mp4
250,2028.4442138671875,438.6826171875,2152.022705078125,535.9541015625,0.0,0.3022237718105316,1656799006.5967512,85165,TRI6,Auklab1_TRI6_2022-07-02_21.00.00.mp4
251,1342.447265625,507.2767333984375,1509.317138671875,639.1132202148438,0.0,0.2567361295223236,1656799029.876729,85747,TRI6,Auklab1_TRI6_2022-07-02_21.00.00.mp4
252,2125.094970703125,390.59857177734375,2182.820556640625,469.7096862792969,0.0,0.42822712659835815,1656799075.076686,86877,TRI6,Auklab1_TRI6_2022-07-02_21.00.00.mp4
253,2122.85009765625,389.3438415527344,2182.408935546875,471.3434753417969,0.0,0.28286996483802795,1656799075.1166859,86878,TRI6,Auklab1_TRI6_2022-07-02_21.00.00.mp4
254,2111.40673828125,226.68109130859375,2157.536865234375,270.7463684082031,0.0,0.3002811372280121,1656799115.3966475,87885,TRI6,Auklab1_TRI6_2022-07-02_21.00.00.mp4
255,2106.605712890625,219.02481079101562,2155.393798828125,264.3739013671875,0.0,0.3144700825214386,1656799115.4766474,87887,TRI6,Auklab1_TRI6_2022-07-02_21.00.00.mp4
256,2060.697509765625,281.822509765625,2156.561279296875,413.948486328125,0.0,0.3373716473579407,1656799139.7966242,88495,TRI6,Auklab1_TRI6_2022-07-02_21.00.00.mp4
257,2144.353759765625,360.880859375,2219.9248046875,542.2140502929688,0.0,0.3678879141807556,1656799140.1966238,88505,TRI6,Auklab1_TRI6_2022-07-02_21.00.00.mp4
258,2142.214111328125,389.7671813964844,2214.996337890625,496.0747375488281,0.0,0.5987783670425415,1656799141.156623,88529,TRI6,Auklab1_TRI6_2022-07-02_21.00.00.mp4
259,2015.0582275390625,357.2766418457031,2153.0712890625,453.3019714355469,0.0,0.3970259130001068,1656799144.5566196,88614,TRI6,Auklab1_TRI6_2022-07-02_21.00.00.mp4
260,2053.712158203125,383.3269958496094,2143.74365234375,444.5765075683594,0.0,0.7254354357719421,1656799144.6366196,88616,TRI6,Auklab1_TRI6_2022-07-02_21.00.00.mp4
261,2063.191162109375,388.68634033203125,2155.715087890625,452.0649719238281,0.0,0.7699956297874451,1656799144.6766195,88617,TRI6,Auklab1_TRI6_2022-07-02_21.00.00.mp4
262,1937.7547607421875,576.0184936523438,2009.179931640625,633.5472412109375,0.0,0.4702029228210449,1656799179.716586,89493,TRI6,Auklab1_TRI6_2022-07-02_21.00.00.mp4
263,1928.46533203125,572.8585815429688,2006.4871826171875,633.8023681640625,0.0,0.5435754060745239,1656799179.756586,89494,TRI6,Auklab1_TRI6_2022-07-02_21.00.00.mp4
264,1949.158935546875,567.8651733398438,2012.928955078125,636.49169921875,0.0,0.4555117189884186,1656799179.836586,89496,TRI6,Auklab1_TRI6_2022-07-02_21.00.00.mp4
265,1941.7666015625,561.6030883789062,2010.7935791015625,631.4473266601562,0.0,0.7221081852912903,1656799179.876586,89497,TRI6,Auklab1_TRI6_2022-07-02_21.00.00.mp4
